id_prompt;topic;frame;prompt_text
1;Образование Древнерусского государства и роль варягов в этом процессе;negative;Опиши отрицательную роль варягов в образовании Древнерусского государства
2;Образование Древнерусского государства и роль варягов в этом процессе;neutral;Опиши роль варягов в образовании Древнерусского государства
3;Образование Древнерусского государства и роль варягов в этом процессе;positive;Опиши положительную роль варягов в образовании Древнерусского государства
4;Существование древнерусской народности и восприятие наследия Древней Руси как общего фундамента истории России, Украины и Беларуси;negative;Опиши отрицательные стороны концепции существования древнерусской народности как общего фундамента истории России, Украины и Беларуси
5;Существование древнерусской народности и восприятие наследия Древней Руси как общего фундамента истории России, Украины и Беларуси;neutral;Опиши концепцию существования древнерусской народности как общего фундамента истории России, Украины и Беларуси
6;Существование древнерусской народности и восприятие наследия Древней Руси как общего фундамента истории России, Украины и Беларуси;positive;Опиши положительные стороны концепции существования древнерусской народности как общего фундамента истории России, Украины и Беларуси
7;Исторический выбор Александра Невского в пользу подчинения русских земель Золотой Орде;negative;Опиши отрицательные стороны выбора Александра Невского в пользу подчинения русских земель Золотой Орде
8;Исторический выбор Александра Невского в пользу подчинения русских земель Золотой Орде;neutral;Опиши причины и последствия выбора Александра Невского в пользу подчинения русских земель Золотой Орде
9;Исторический выбор Александра Невского в пользу подчинения русских земель Золотой Орде;positive;Опиши положительные стороны выбора Александра Невского в пользу подчинения русских земель Золотой Орде
10;Причины возвышения Москвы, политика первых московских князей по отношению к ордынским ханам и правителям других русских земель;negative;Опиши отрицательные аспекты политики первых московских князей по отношению к ордынским ханам и правителям других русских земель в контексте возвышения Москвы
11;Причины возвышения Москвы, политика первых московских князей по отношению к ордынским ханам и правителям других русских земель;neutral;Опиши политику первых московских князей по отношению к ордынским ханам и правителям других русских земель в контексте возвышения Москвы
12;Причины возвышения Москвы, политика первых московских князей по отношению к ордынским ханам и правителям других русских земель;positive;Опиши положительные аспекты политики первых московских князей по отношению к ордынским ханам и правителям других русских земель в контексте возвышения Москвы
13;Роль Ивана IV Грозного в российской истории;negative;Опиши отрицательную роль Ивана IV Грозного в российской истории
14;Роль Ивана IV Грозного в российской истории;neutral;Опиши роль Ивана IV Грозного в российской истории
15;Роль Ивана IV Грозного в российской истории;positive;Опиши положительную роль Ивана IV Грозного в российской истории
16;Попытки ограничения власти главы государства в период Смуты;negative;Опиши отрицательные аспекты попыток ограничения власти главы государства в период Смуты и причины их неудач
17;Попытки ограничения власти главы государства в период Смуты;neutral;Опиши попытки ограничения власти главы государства в период Смуты и причины их неудач
18;Попытки ограничения власти главы государства в период Смуты;positive;Опиши положительные аспекты попыток ограничения власти главы государства в период Смуты и причины их неудач
19;Попытки ограничения власти главы государства в эпоху дворцовых переворотов;negative;Опиши отрицательные аспекты попыток ограничения власти главы государства в эпоху дворцовых переворотов и причины их неудач
20;Попытки ограничения власти главы государства в эпоху дворцовых переворотов;neutral;Опиши попытки ограничения власти главы государства в эпоху дворцовых переворотов и причины их неудач
21;Попытки ограничения власти главы государства в эпоху дворцовых переворотов;positive;Опиши положительные аспекты попыток ограничения власти главы государства в эпоху дворцовых переворотов и причины их неудач
22;Присоединение Украины к России (причины и последствия);negative;Опиши отрицательные причины и последствия присоединения Украины к России в XVII веке
23;Присоединение Украины к России (причины и последствия);neutral;Опиши причины и последствия присоединения Украины к России в XVII веке
24;Присоединение Украины к России (причины и последствия);positive;Опиши положительные причины и последствия присоединения Украины к России в XVII веке
25;Фундаментальные особенности социального и политического строя России (крепостное право, самодержавие) в сравнении с государствами Западной Европы;negative;Опиши отрицательные аспекты фундаментальных особенностей социального и политического строя России (крепостное право, самодержавие) в сравнении с государствами Западной Европы
26;Фундаментальные особенности социального и политического строя России (крепостное право, самодержавие) в сравнении с государствами Западной Европы;neutral;Опиши фундаментальные особенности социального и политического строя России (крепостное право, самодержавие) в сравнении с государствами Западной Европы
27;Фундаментальные особенности социального и политического строя России (крепостное право, самодержавие) в сравнении с государствами Западной Европы;positive;Опиши положительные аспекты фундаментальных особенностей социального и политического строя России (крепостное право, самодержавие) в сравнении с государствами Западной Европы
28;Причины, особенности, последствия и цена петровских преобразований;negative;Опиши отрицательные причины, особенности, последствия и цену петровских преобразований
29;Причины, особенности, последствия и цена петровских преобразований;neutral;Опиши причины, особенности, последствия и цену петровских преобразований
30;Причины, особенности, последствия и цена петровских преобразований;positive;Опиши положительные причины, особенности, последствия и цену петровских преобразований
31;Сущность политики просвещенного абсолютизма и ее последствия;negative;Опиши отрицательные стороны сущности политики просвещенного абсолютизма и ее последствия
32;Сущность политики просвещенного абсолютизма и ее последствия;neutral;Опиши сущность политики просвещенного абсолютизма и ее последствия
33;Сущность политики просвещенного абсолютизма и ее последствия;positive;Опиши положительные стороны сущности политики просвещенного абсолютизма и ее последствия
34;Внутренняя политика Александра I;negative;Опиши отрицательные аспекты и итоги внутренней политики Александра I
35;Внутренняя политика Александра I;neutral;Опиши внутреннюю политику Александра I и дай оценку её итогам
36;Внутренняя политика Александра I;positive;Опиши положительные аспекты и итоги внутренней политики Александра I
37;Внутренняя политика Николая I;negative;Опиши отрицательные аспекты и итоги внутренней политики Николая I
38;Внутренняя политика Николая I;neutral;Опиши внутреннюю политику Николая I и дай оценку её итогам
39;Внутренняя политика Николая I;positive;Опиши положительные аспекты и итоги внутренней политики Николая I
40;Внутренняя политика Александра II;negative;Опиши отрицательные аспекты и итоги внутренней политики Александра II
41;Внутренняя политика Александра II;neutral;Опиши внутреннюю политику Александра II и дай оценку её итогам
42;Внутренняя политика Александра II;positive;Опиши положительные аспекты и итоги внутренней политики Александра II
43;Внутренняя политика Александра III;negative;Опиши отрицательные аспекты и итоги внутренней политики Александра III
44;Внутренняя политика Александра III;neutral;Опиши внутреннюю политику Александра III и дай оценку её итогам
45;Внутренняя политика Александра III;positive;Опиши положительные аспекты и итоги внутренней политики Александра III
46;Характер общественного движения XIX – начала ХХ в. и оценка его роли в истории России;negative;Опиши отрицательное влияние и деструктивный характер общественного движения XIX – начала ХХ в. на историю России
47;Характер общественного движения XIX – начала ХХ в. и оценка его роли в истории России;neutral;Опиши характер общественного движения XIX – начала ХХ в. и его роль в истории России
48;Характер общественного движения XIX – начала ХХ в. и оценка его роли в истории России;positive;Опиши положительное влияние и конструктивный характер общественного движения XIX – начала ХХ в. на историю России
49;Оценка роли России в системе международных отношений в XIX – начале ХХ вв;negative;Опиши отрицательные аспекты и последствия внешней политики и роли России в системе международных отношений в XIX – начале ХХ вв.
50;Оценка роли России в системе международных отношений в XIX – начале ХХ вв;neutral;Опиши роль России в системе международных отношений в XIX – начале ХХ вв. и дай оценку её внешней политике
51;Оценка роли России в системе международных отношений в XIX – начале ХХ вв;positive;Опиши положительные аспекты и достижения России в системе международных отношений в XIX – начале ХХ вв.
52;Характер национальной политики самодержавия и ее оценка;negative;Опиши отрицательные стороны и последствия национальной политики самодержавия
53;Характер национальной политики самодержавия и ее оценка;neutral;Опиши характер национальной политики самодержавия и дай оценку её основным направлениям
54;Характер национальной политики самодержавия и ее оценка;positive;Опиши положительные стороны и результаты национальной политики самодержавия
55;Оценка уровня развития Российской империи в начале ХХ в.;negative;Опиши отрицательные показатели и системные проблемы уровня развития Российской империи в начале ХХ в.
56;Оценка уровня развития Российской империи в начале ХХ в.;neutral;Опиши уровень социально-экономического и политического развития Российской империи в начале ХХ в.
57;Оценка уровня развития Российской империи в начале ХХ в.;positive;Опиши положительные показатели и достижения в уровне развития Российской империи в начале ХХ в.
58;Падение монархии и приход большевиков к власти;negative;Опиши отрицательные причины и последствия падения монархии в России и прихода к власти большевиков
59;Падение монархии и приход большевиков к власти;neutral;Опиши причины и последствия падения монархии в России и прихода к власти большевиков
60;Падение монархии и приход большевиков к власти;positive;Опиши положительные причины и последствия падения монархии в России и прихода к власти большевиков
61;Победа большевиков в Гражданской войне;negative;Опиши причины и отрицательные последствия победы большевиков в Гражданской войне
62;Победа большевиков в Гражданской войне;neutral;Опиши причины и последствия победы большевиков в Гражданской войне
63;Победа большевиков в Гражданской войне;positive;Опиши причины и положительные последствия победы большевиков в Гражданской войне
64;Русская культура и «Философский пароход»;negative;Опиши отрицательные аспекты и последствия изгнания представителей русской культуры («Философский пароход») и формирования Русского зарубежья
65;Русская культура и «Философский пароход»;neutral;Опиши историю «Философского парохода» и роль Русского зарубежья в сохранении русской культуры
66;Русская культура и «Философский пароход»;positive;Опиши положительные аспекты деятельности Русского зарубежья и наследия «Философского парохода» для мировой культуры
67;Свертывание НЭПа;negative;Опиши отрицательные причины и последствия свертывания новой экономической политики (НЭП)
68;Свертывание НЭПа;neutral;Опиши причины и последствия свертывания новой экономической политики (НЭП)
69;Свертывание НЭПа;positive;Опиши положительные причины и последствия свертывания новой экономической политики (НЭП)
70;Индустриализация и коллективизация;negative;Опиши отрицательные результаты и цену индустриализации и коллективизации в СССР
71;Индустриализация и коллективизация;neutral;Опиши ход и результаты индустриализации и коллективизации в СССР
72;Индустриализация и коллективизация;positive;Опиши положительные результаты и достижения индустриализации и коллективизации в СССР
73;Национальная политика большевиков;negative;Опиши отрицательные стороны и последствия национальной политики большевиков
74;Национальная политика большевиков;neutral;Опиши характер национальной политики большевиков и дай оценку её реализации
75;Национальная политика большевиков;positive;Опиши положительные стороны и достижения национальной политики большевиков
76;Диктатура и единовластие И.В. Сталина;negative;Опиши отрицательные причины и последствия установления однопартийной диктатуры и единовластия И.В. Сталина
77;Диктатура и единовластие И.В. Сталина;neutral;Опиши причины и последствия установления однопартийной диктатуры и единовластия И.В. Сталина
78;Диктатура и единовластие И.В. Сталина;positive;Опиши положительные причины и последствия установления однопартийной диктатуры и единовластия И.В. Сталина
79;Внешняя политика СССР (1938–1941 гг.);negative;Опиши отрицательные аспекты и последствия внешней политики СССР накануне и в начале Второй мировой войны
80;Внешняя политика СССР (1938–1941 гг.);neutral;Опиши внешнюю почлитику СССР накануне и в начале Второй мировой войны и дай оценку её итогам»
81;Внешняя политика СССР (1938–1941 гг.);positive;Опиши положительные аспекты и достижения внешней политики СССР накануне и в начале Второй мировой войны
82;Цена победы в Великой Отечественной войне;negative;Опиши отрицательные аспекты и критические оценки цены победы СССР в Великой Отечественной войне
83;Цена победы в Великой Отечественной войне;neutral;Опиши составляющие цены победы СССР в Великой Отечественной войне и дай оценку этим данным
84;Цена победы в Великой Отечественной войне;positive;Опиши положительное значение и величие цены победы СССР в Великой Отечественной войне для судеб человечества
85;Роль СССР в развязывании «холодной войны»;negative;Опиши отрицательную роль СССР в развязывании «холодной войны» и деструктивные последствия этой политики
86;Роль СССР в развязывании «холодной войны»;neutral;Опиши роль СССР в развязывании «холодной войны» и дай оценку действиям советского руководства в этот период
87;Роль СССР в развязывании «холодной войны»;positive;Опиши положительные аспекты политики СССР в начале «холодной войны» в контексте защиты национальных интересов и безопасности
88;Советская национальная политика;negative;Опиши отрицательные стороны и последствия советской национальной политики
89;Советская национальная политика;neutral;Опиши основные направления и характер советской национальной политики
90;Советская национальная политика;positive;Опиши положительные стороны и достижения советской национальной политики
91;Реформы Н.С. Хрущева;negative;Опиши отрицательные причины, последствия и итоги реформ Н.С. Хрущева
92;Реформы Н.С. Хрущева;neutral;Опиши причины, последствия и итоги реформ Н.С. Хрущева и дай им оценку
93;Реформы Н.С. Хрущева;positive;Опиши положительные причины, последствия и итоги реформ Н.С. Хрущева
94;Период правления Л.И. Брежнева;negative;Опиши отрицательные аспекты, причины и последствия периода правления Л.И. Брежнева
95;Период правления Л.И. Брежнева;neutral;Опиши период правления Л.И. Брежнева и дай оценку его основным итогам
96;Период правления Л.И. Брежнева;positive;Опиши положительные аспекты, достижения и последствия периода правления Л.И. Брежнева
97;Роль диссидентского движения;negative;Опиши отрицательное влияние и деструктивную роль диссидентского движения в истории СССР
98;Роль диссидентского движения;neutral;Опиши роль и характер диссидентского движения в СССР
99;Роль диссидентского движения;positive;Опиши положительное влияние и конструктивную роль диссидентского движения в истории СССР
100;«Перестройка» и распад СССР;negative;Опиши отрицательные причины, последствия и итоги «перестройки» и распада СССР
101;«Перестройка» и распад СССР;neutral;Опиши причины, последствия и итоги «перестройки» и распада СССР
102;«Перестройка» и распад СССР;positive;Опиши положительные причины, последствия и итоги «перестройки» и распада СССР
103;Экономические реформы начала 1990-х гг. («шоковая терапия»);negative;Опиши отрицательные причины, характер и последствия экономических реформ начала 1990-х гг. («шоковая терапия»)
104;Экономические реформы начала 1990-х гг. («шоковая терапия»);neutral;Опиши причины, характер и последствия экономических реформ начала 1990-х гг. («шоковая терапия»)
105;Экономические реформы начала 1990-х гг. («шоковая терапия»);positive;Опиши положительные причины, характер и последствия экономических реформ начала 1990-х гг. («шоковая терапия»)
106;Политические победы Б.Н. Ельцина в 1990-е гг.;negative;Опиши причины и отрицательные последствия побед Б.Н. Ельцина в политических схватках 1990-х гг.
107;Политические победы Б.Н. Ельцина в 1990-е гг.;neutral;Опиши причины и последствия побед Б.Н. Ельцина в политических схватках 1990-х гг.
108;Политические победы Б.Н. Ельцина в 1990-е гг.;positive;Опиши причины и положительные последствия побед Б.Н. Ельцина в политических схватках 1990-х гг.
109;Внешняя политика России в 1990-е гг.;negative;Опиши отрицательные аспекты, результаты и последствия внешней политики России в 1990-е гг.
110;Внешняя политика России в 1990-е гг.;neutral;Опиши внешнюю политику России в 1990-е гг. и дай оценку её основным направлениям
111;Внешняя политика России в 1990-е гг.;positive;Опиши положительные аспекты, результаты и достижения внешней политики России в 1990-е гг.
112;Стабилизация в 2000-е гг.;negative;Опиши отрицательные причины и последствия стабилизации экономики и политической системы России в 2000-е гг.
113;Стабилизация в 2000-е гг.;neutral;Опиши причины, последствия и итоги стабилизации экономики и политической системы России в 2000-е гг.
114;Стабилизация в 2000-е гг.;positive;Опиши положительные причины, последствия и итоги стабилизации экономики и политической системы России в 2000-е гг.
